<?xml version='1.0' encoding='utf-8'?>
<widget id="com.wrihk.iDatingSolutions" version="1.0.0" xmlns="http://www.w3.org/ns/widgets" xmlns:gap="http://phonegap.com/ns/1.0">
    <name>iDatingSolutions</name>
    <description>
        Hello World sample application that responds to the deviceready event.
    </description>
    <author email="support@phonegap.com" href="http://phonegap.com">
        PhoneGap Team
    </author>
    <preference name="permissions" value="none" />
    <preference name="phonegap-version" value="3.5.0" />
    <preference name="orientation" value="default" />
    <preference name="target-device" value="universal" />
    <preference name="DisallowOverscroll" value="true" />
    <preference name="prerendered-icon" value="true" />
    <preference name="stay-in-webview" value="false" />
    <preference name="ios-statusbarstyle" value="black-opaque" />
    <preference name="detect-data-types" value="true" />
    <preference name="exit-on-suspend" value="false" />
    <preference name="show-splash-screen-spinner" value="true" />
    <preference name="auto-hide-splash-screen" value="true" />
    <preference name="disable-cursor" value="false" />
    <preference name="StatusBarOverlaysWebView" value="false" />
   
  
    <preference name="StatusBarOverlaysWebView" value="false" />
    <preference name="AllowInlineMediaPlayback" value="true" />
    

 <content src="site.html" />
 
<feature name="Media">
    <param name="ios-package" value="CDVSound" />
</feature>
<feature name="Camera">
    <param name="ios-package" value="CDVCamera" />
</feature>
<feature name="File">
    <param name="ios-package" value="CDVFile" />
</feature>

<feature name="FileTransfer">
    <param name="ios-package" value="CDVFileTransfer" />
</feature>

  <feature name="StatusBar">
      <param name="ios-package" value="CDVStatusBar" onload="true" />
   </feature>

   <icon src="res/icon/ios/icon.png" />
    <icon gap:platform="ios" height="57" src="res/icon/ios/icon.png" width="57" />
    <icon gap:platform="ios" height="60" src="res/icon/ios/icon-60.png" width="60" />
    <icon gap:platform="ios" height="114" src="res/icon/ios/icon@2x.png" width="114" />
    <icon gap:platform="ios" height="120" src="res/icon/ios/icon-60@2x.png" width="120" />
    <!-- iPhone and iPod touch -->
    <gap:splash src="Resources/splash/Default~iphone.png" gap:platform="ios" width="320" height="480" />
    <gap:splash src="Resources/splash/Default@2x~iphone.png" gap:platform="ios" width="640" height="960" />
    <!-- iPhone 5 / iPod Touch (5th Generation) -->
    <gap:splash src="Resources/splash/Default-568h@2x~iphone.png" gap:platform="ios" width="640" height="1136" />
    <access origin="*" />
</widget>
